<?xml version="1.0" encoding="UTF-8"?>
<metadata xml:lang="zh"><Esri><CreaDate>20231209</CreaDate><CreaTime>22580500</CreaTime><ArcGISFormat>1.0</ArcGISFormat><SyncOnce>TRUE</SyncOnce></Esri><dataIdInfo><idCitation><citRespParty><rpIndName>OpenStreetMap</rpIndName><rpCntInfo><cntOnlineRes><linkage EsriPropertyType="Link"></linkage><orFunct><OnFunctCd value="001"></OnFunctCd></orFunct></cntOnlineRes></rpCntInfo><role><RoleCd value="005"></RoleCd></role></citRespParty></idCitation><idCredit>Map data (c) OpenStreetMap, ODbL 1.0</idCredit><idPoC><rpOrgName>OpenStreetMap</rpOrgName><rpCntInfo><cntOnlineRes><linkage EsriPropertyType="Link"></linkage><orFunct><OnFunctCd value="001"></OnFunctCd></orFunct></cntOnlineRes></rpCntInfo><role><RoleCd value="005"></RoleCd></role></idPoC><resMaint><maintFreq><MaintFreqCd value="009"></MaintFreqCd></maintFreq><maintScp><ScopeCd value="005"></ScopeCd></maintScp></resMaint><resConst><LegConsts><useLimit>Map data (c) OpenStreetMap, ODbL 1.0; http://opendatacommons.org/licenses/odbl/</useLimit><accessConsts><RestrictCd value="005"></RestrictCd></accessConsts><useConsts><RestrictCd value="005"></RestrictCd></useConsts></LegConsts><SecConsts><class><ClasscationCd value="001"></ClasscationCd></class></SecConsts><Consts><useLimit>Map data (c) OpenStreetMap, ODbL 1.0; http://opendatacommons.org/licenses/odbl/</useLimit></Consts></resConst><idPurp>Vector data downloaded from the OpenStreetMap website</idPurp><idAbs>Vector data downloaded from the OpenStreetMap website</idAbs><idConst><LegConsts><useLimit>CC-BY-SA; http://creativecommons.org/licenses/by-sa/2.0/</useLimit><accessConsts><RestrictCd value="005"></RestrictCd></accessConsts><useConsts><RestrictCd value="005"></RestrictCd></useConsts></LegConsts><SecConsts><class><ClasscationCd value="001"></ClasscationCd></class></SecConsts></idConst><searchKeys><keyword>OpenStreetMap</keyword><keyword>Applications Prototype Lab</keyword><keyword>ESRI</keyword></searchKeys></dataIdInfo><mdMaint><maintFreq><MaintFreqCd value="001"></MaintFreqCd></maintFreq><maintScp><ScopeCd value="005"></ScopeCd></maintScp><maintCont><role><RoleCd value="005"></RoleCd></role></maintCont></mdMaint><mdConst><LegConsts><useLimit>Map data (c) OpenStreetMap, ODbL 1.0; http://opendatacommons.org/licenses/odbl/</useLimit><accessConsts><RestrictCd value="005"></RestrictCd></accessConsts><useConsts><RestrictCd value="005"></RestrictCd></useConsts></LegConsts><SecConsts><class><ClasscationCd value="001"></ClasscationCd></class></SecConsts></mdConst></metadata>
